"f","a","b","c","d","e","f","g","h","i","j","k","l","m","n","ñ","o","p","q","r","s","t","u","v","w","x","y","z","A","B","C","D","E","F","G","H","I","J","K","L","M","N","Ñ","O","P","Q","R","S","T","U","V","W","X","Y","Z","0","1","2","3","4","5","6","7","8","9","-","_","&",";","{","}","(",")","[","]","+","*","^","=",">","<",".","""","#","/","¿","?","¡","!","¬","@",":",",","~","|"
"q0","","","","","","","","","","","","","","","","","","","","","","","","","","","","","q1","","","","","","","","","","","","","","","","","","","","","","","","","","","","","","","","","","","","","","","","","","","","","","","","","","","","","","","","","","","","","","","","",""
"q1","","","","","q2","","","","","","","","","","","","","","","","","","","","","","","","","","","","","","","","","","","","","","","","","","","","","","","","","","","","","","","","","","","","","","","","","","","","","","","","","","","","","","","","","","","","","","","","",""
"q2","","","","","","","q3","","","","","","","","","","","","","","","","","","","","","","","","","","","","","","","","","","","","","","","","","","","","","","","","","","","","","","","","","","","","","","","","","","","","","","","","","","","","","","","","","","","","","","",""
"q3","","","","","","","","","q4","","","","","","","","","","","","","","","","","","","","","","","","","","","","","","","","","","","","","","","","","","","","","","","","","","","","","","","","","","","","","","","","","","","","","","","","","","","","","","","","","","","","",""
"q4","","","","","","","","","","","","","","q5","","","","","","","","","","","","","","","","","","","","","","","","","","","","","","","","","","","","","","","","","","","","","","","","","","","","","","","","","","","","","","","","","","","","","","","","","","","","","","","",""
"q5","","","","","","","","","","","","","","","","","","","","","","","","","","","","","","","","","","","","","","","","","","","","","","","","","","","","","","","","","","","","","","","","","","","","","","","","","","","","","","","","","","","","","","","","","","","","","q6",""
"q6","q7","q7","q7","q7","q7","q7","q7","q7","q7","q7","q7","q7","q7","q7","q7","q7","q7","q7","q7","q7","q7","q7","q7","q7","q7","q7","q7","q7","q7","q7","q7","q7","q7","q7","q7","q7","q7","q7","q7","q7","q7","q7","q7","q7","q7","q7","q7","q7","q7","q7","q7","q7","q7","q7","","","","","","","","","","","","","","","","","","","","","","","","","","","","","","","","","","","","","","","",""
"q7","q8","q8","q8","q8","q8","q8","q8","q8","q8","q8","q8","q8","q8","q8","q8","q8","q8","q8","q8","q8","q8","q8","q8","q8","q8","q8","q8","q8","q8","q8","q8","q8","q8","q8","q8","q8","q8","q8","q8","q8","q8","q8","q8","q8","q8","q8","q8","q8","q8","q8","q8","q8","q8","q8","q8","q8","q8","q8","q8","q8","q8","q8","q8","q8","q9","q9","q9","","","","","","","","","","","","","","","","","","","","","","","","","","",""
"q8","q8","q8","q8","q8","q8","q8","q8","q8","q8","q8","q8","q8","q8","q8","q8","q8","q8","q8","q8","q8","q8","q8","q8","q8","q8","q8","q8","q8","q8","q8","q8","q8","q8","q8","q8","q8","q8","q8","q8","q8","q8","q8","q8","q8","q8","q8","q8","q8","q8","q8","q8","q8","q8","q8","q8","q8","q8","q8","q8","q8","q8","q8","q8","q8","q9","q9","q9","q10","","","","","","","","","","","","","","","","","","","","","","","","","",""
"q9","q8","q8","q8","q8","q8","q8","q8","q8","q8","q8","q8","q8","q8","q8","q8","q8","q8","q8","q8","q8","q8","q8","q8","q8","q8","q8","q8","q8","q8","q8","q8","q8","q8","q8","q8","q8","q8","q8","q8","q8","q8","q8","q8","q8","q8","q8","q8","q8","q8","q8","q8","q8","q8","q8","q8","q8","q8","q8","q8","q8","q8","q8","q8","q8","","","","","","","","","","","","","","","","","","","","","","","","","","","","","",""
"q10","q39","q39","q84","q39","q39","q165","q39","q39","q39","q39","q39","q39","q39","q39","q39","q39","q39","q39","q32","q39","q39","q39","q39","q19","q39","q39","q39","q39","q39","q39","q39","q179","q39","q39","q39","q39","q39","q39","q39","q39","q39","q39","q39","q39","q39","q39","q39","q39","q39","q39","q19","q39","q39","q39","","","","","","","","","","","","","","","","q178","","","","","","","","","","","","","q12","q14","","","","","q11","","","","",""
"q11","q39","q39","q84","q39","q39","q165","q39","q39","q39","q39","q39","q39","q39","q39","q39","q39","q39","q39","q32","q39","q39","q39","q39","q19","q39","q39","q39","q39","q39","q39","q39","q179","q39","q39","q39","q39","q39","q39","q39","q39","q39","q39","q39","q39","q39","q39","q39","q39","q39","q39","q19","q39","q39","q39","","","","","","","","","","","","","","","","q178","","","","","","","","","","","","","q12","q14","","","","","q11","","","","",""
"q12","q13","q13","q13","q13","q13","q13","q13","q13","q13","q13","q13","q13","q13","q13","q13","q13","q13","q13","q13","q13","q13","q13","q13","q13","q13","q13","q13","q13","q13","q13","q13","q13","q13","q13","q13","q13","q13","q13","q13","q13","q13","q13","q13","q13","q13","q13","q13","q13","q13","q13","q13","q13","q13","q13","q13","q13","q13","q13","q13","q13","q13","q13","q13","q13","q13","q13","q13","q13","q13","q13","q13","q13","q13","q13","q13","q13","q13","q13","q13","q13","q13","q13","q13","q13","q13","q13","q13","q13","q13","q13","q13","q13","q13","q13"
"q13","q13","q13","q13","q13","q13","q13","q13","q13","q13","q13","q13","q13","q13","q13","q13","q13","q13","q13","q13","q13","q13","q13","q13","q13","q13","q13","q13","q13","q13","q13","q13","q13","q13","q13","q13","q13","q13","q13","q13","q13","q13","q13","q13","q13","q13","q13","q13","q13","q13","q13","q13","q13","q13","q13","q13","q13","q13","q13","q13","q13","q13","q13","q13","q13","q13","q13","q13","q13","q13","q13","q13","q13","q13","q13","q13","q13","q13","q13","q13","q13","q13","q13","q13","q13","q13","q13","q13","q13","q11","q13","q13","q13","q13","q13"
"q14","","","","","","","","","","","","","","","","","","","","","","","","","","","","","","","","","","","","","","","","","","","","","","","","","","","","","","","","","","","","","","","","","","","","","","","","","","","","q15","","","","","","","","","","","","","","","","","",""
"q15","q16","q16","q16","q16","q16","q16","q16","q16","q16","q16","q16","q16","q16","q16","q16","q16","q16","q16","q16","q16","q16","q16","q16","q16","q16","q16","q16","q16","q16","q16","q16","q16","q16","q16","q16","q16","q16","q16","q16","q16","q16","q16","q16","q16","q16","q16","q16","q16","q16","q16","q16","q16","q16","q16","q16","q16","q16","q16","q16","q16","q16","q16","q16","q16","q16","q16","q16","q16","q16","q16","q16","q16","q16","q16","q16","q16","q16","q16","q16","q16","q16","q16","q16","q16","q16","q16","q16","q16","q16","q16","q16","q16","q16","q16"
"q16","q16","q16","q16","q16","q16","q16","q16","q16","q16","q16","q16","q16","q16","q16","q16","q16","q16","q16","q16","q16","q16","q16","q16","q16","q16","q16","q16","q16","q16","q16","q16","q16","q16","q16","q16","q16","q16","q16","q16","q16","q16","q16","q16","q16","q16","q16","q16","q16","q16","q16","q16","q16","q16","q16","q16","q16","q16","q16","q16","q16","q16","q16","q16","q16","q16","q16","q16","q16","q16","q16","q16","q16","q16","q16","q16","q17","q16","q16","q16","q16","q16","q16","q16","q16","q16","q16","q16","q16","q16","q16","q16","q16","q16","q16"
"q17","","","","","","","","","","","","","","","","","","","","","","","","","","","","","","","","","","","","","","","","","","","","","","","","","","","","","","","","","","","","","","","","","","","","","","","","","","","","","","","","","","","","q18","","","","","","","","","",""
"q18","","","","","","","","","","","","","","","","","","","","","","","","","","","","","","","","","","","","","","","","","","","","","","","","","","","","","","","","","","","","","","","","","","","","","","","","","","","","","","","","","","","","","","","","","q11","","","","",""
"q19","q39","q39","q39","q39","q39","q39","q39","q39","q39","q39","q39","q39","q39","q39","q39","q39","q39","q39","q20","q39","q39","q39","q39","q39","q39","q39","q39","q39","q39","q39","q39","q39","q39","q39","q39","q39","q39","q39","q39","q39","q39","q39","q39","q39","q39","q39","q39","q39","q39","q39","q39","q39","q39","q39","","","","","","","","","","","","","","","","","","","","","","","","","","","","","","","","","","","","","","","",""
"q20","","","","","","","","","q21","","","","","","","","","","","","","","","","","","","","","","","","","","","","","","","","","","","","","","","","","","","","","","","","","","","","","","","","","","","","","","","","","","","","","","","","","","","","","","","","","","","","",""
"q21","","","","","","","","","","","","","","","","","","","","","q22","","","","","","","","","","","","","","","","","","","","","","","","","","","","","","","","","","","","","","","","","","","","","","","","","","","","","","","","","","","","","","","","","","","","","","","","",""
"q22","","","","","q23","","","","","","","","","","","","","","","","","","","","","","","","","","","","","","","","","","","","","","","","","","","","","","","","","","","","","","","","","","","","","","","","","","","","","","","","","","","","","","","","","","","","","","","","",""
"q23","","","","","","","","","","","","","","","","","","","","","","","","","","","","","","","","","","","","","","","","","","","","","","","","","","","","","","","","","","","","","","","","","","","","","","","","","","","","","","","","","q24","","","","","","","","","","","","",""
"q24","q29","q29","q29","q29","q29","q29","q29","q29","q29","q29","q29","q29","q29","q29","q29","q29","q29","q29","q29","q29","q29","q29","q29","q29","q29","q29","q29","q29","q29","q29","q29","q29","q29","q29","q29","q29","q29","q29","q29","q29","q29","q29","q29","q29","q29","q29","q29","q29","q29","q29","q29","q29","q29","q29","","","","","","","","","","","","","","","","","","","","","","","","","","","","q25","","","","","","","","","","","",""
"q25","q26","q26","q26","q26","q26","q26","q26","q26","q26","q26","q26","q26","q26","q26","q26","q26","q26","q26","q26","q26","q26","q26","q26","q26","q26","q26","q26","q26","q26","q26","q26","q26","q26","q26","q26","q26","q26","q26","q26","q26","q26","q26","q26","q26","q26","q26","q26","q26","q26","q26","q26","q26","q26","q26","q26","q26","q26","q26","q26","q26","q26","q26","q26","q26","q26","q26","q26","q26","q26","q26","q26","q26","q26","q26","q26","q26","q26","q26","q26","q26","q26","q26","q26","q26","q26","q26","q26","q26","q26","q26","q26","q26","q26","q26"
"q26","q26","q26","q26","q26","q26","q26","q26","q26","q26","q26","q26","q26","q26","q26","q26","q26","q26","q26","q26","q26","q26","q26","q26","q26","q26","q26","q26","q26","q26","q26","q26","q26","q26","q26","q26","q26","q26","q26","q26","q26","q26","q26","q26","q26","q26","q26","q26","q26","q26","q26","q26","q26","q26","q26","q26","q26","q26","q26","q26","q26","q26","q26","q26","q26","q26","q26","q26","q26","q26","q26","q26","q26","q26","q26","q26","q26","q26","q26","q27","q26","q26","q27","q26","q26","q26","q26","q26","q26","q26","q26","q26","q27","q26","q26"
"q27","","","","","","","","","","","","","","","","","","","","","","","","","","","","","","","","","","","","","","","","","","","","","","","","","","","","","","","","","","","","","","","","","","","","q10","","","","","","","","","","","","","","","","","","","","","","","","","",""
"q28","","","","","","","","","","","","","","","","","","","","","","","","","","","","","","","","","","","","","","","","","","","","","","","","","","","","","","","","","","","","","","","","","","","","","","","","","","","","","","","","","","","","","","","","","","","","","",""
"q29","q29","q29","q29","q29","q29","q29","q29","q29","q29","q29","q29","q29","q29","q29","q29","q29","q29","q29","q29","q29","q29","q29","q29","q29","q29","q29","q29","q29","q29","q29","q29","q29","q29","q29","q29","q29","q29","q29","q29","q29","q29","q29","q29","q29","q29","q29","q29","q29","q29","q29","q29","q29","q29","q29","q29","q29","q29","q29","q29","q29","q29","q29","q29","q29","","q30","","q10","","","","","","","q31","","","","","","","","","","","","","","","","","","",""
"q30","q29","q29","q29","q29","q29","q29","q29","q29","q29","q29","q29","q29","q29","q29","q29","q29","q29","q29","q29","q29","q29","q29","q29","q29","q29","q29","q29","q29","q29","q29","q29","q29","q29","q29","q29","q29","q29","q29","q29","q29","q29","q29","q29","q29","q29","q29","q29","q29","q29","q29","q29","q29","q29","q29","q29","q29","q29","q29","q29","q29","q29","q29","q29","q29","","","","","","","","","","","","","","","","","","","","","","","","","","","","","",""
"q31","q29","q29","q29","q29","q29","q29","q29","q29","q29","q29","q29","q29","q29","q29","q29","q29","q29","q29","q29","q29","q29","q29","q29","q29","q29","q29","q29","q29","q29","q29","q29","q29","q29","q29","q29","q29","q29","q29","q29","q29","q29","q29","q29","q29","q29","q29","q29","q29","q29","q29","q29","q29","q29","q29","q29","q29","q29","q29","q29","q29","q29","q29","q29","q29","","","","","","","","","","","","","","","","","","q25","","","","","","","","","q10","","",""
"q32","q39","q39","q39","q39","q33","q39","q39","q39","q39","q39","q39","q39","q39","q39","q39","q39","q39","q39","q39","q39","q39","q39","q39","q39","q39","q39","q39","q39","q39","q39","q39","q39","q39","q39","q39","q39","q39","q39","q39","q39","q39","q39","q39","q39","q39","q39","q39","q39","q39","q39","q39","q39","q39","q39","q39","q39","q39","q39","q39","q39","q39","q39","q39","q39","q39","q39","q39","q39","q39","q39","q39","q39","q39","q39","q39","q39","q39","q39","q39","q39","q39","q39","q39","q39","q39","q39","q39","q39","q39","q39","q39","q39","q39","q39"
"q33","q34","","","","","","","","","","","","","","","","q119","","","","q154","","","","","","","","","","","","","","","","","","","","","","","","","","","","","","","","","","","","","","","","","","","","","","","","","","","","","","","","","","","","","","","","","","","","","","","","",""
"q34","","","","q35","","","","","","","","","","","","","","","","","","","","","","","","","","","","","","","","","","","","","","","","","","","","","","","","","","","","","","","","","","","","","","","","","","","","","","","","","","","","","","","","","","","","","","","","","",""
"q35","","","","","","","","","","","","","","","","","","","","","","","","","","","","","","","","","","","","","","","","","","","","","","","","","","","","","","","","","","","","","","","","","","","","","","","","","","","","","","","","","q36","","","","","","","","","","","","",""
"q36","q37","q37","q37","q37","q37","q37","q37","q37","q37","q37","q37","q37","q37","q37","q37","q37","q37","q37","q37","q37","q37","q37","q37","q37","q37","q37","q37","q37","q37","q37","q37","q37","q37","q37","q37","q37","q37","q37","q37","q37","q37","q37","q37","q37","q37","q37","q37","q37","q37","q37","q37","q37","q37","q37","","","","","","","","","","","","","","","","","","","","","","","","","","","","","","","","","","","","","","","",""
"q37","q37","q37","q37","q37","q37","q37","q37","q37","q37","q37","q37","q37","q37","q37","q37","q37","q37","q37","q37","q37","q37","q37","q37","q37","q37","q37","q37","q37","q37","q37","q37","q37","q37","q37","q37","q37","q37","q37","q37","q37","q37","q37","q37","q37","q37","q37","q37","q37","q37","q37","q37","q37","q37","q37","q37","q37","q37","q37","q37","q37","q37","q37","q37","q37","","q38","","q10","","","","","","","","","","","","","","","","","","","","","","","","","",""
"q38","q37","q37","q37","q37","q37","q37","q37","q37","q37","q37","q37","q37","q37","q37","q37","q37","q37","q37","q37","q37","q37","q37","q37","q37","q37","q37","q37","q37","q37","q37","q37","q37","q37","q37","q37","q37","q37","q37","q37","q37","q37","q37","q37","q37","q37","q37","q37","q37","q37","q37","q37","q37","q37","q37","q37","q37","q37","q37","q37","q37","q37","q37","q37","q37","","","","","","","","","","","","","","","","","","","","","","","","","","","","","",""
"q39","q39","q39","q39","q39","q39","q39","q39","q39","q39","q39","q39","q39","q39","q39","q39","q39","q39","q39","q39","q39","q39","q39","q39","q39","q39","q39","q39","q39","q39","q39","q39","q39","q39","q39","q39","q39","q39","q39","q39","q39","q39","q39","q39","q39","q39","q39","q39","q39","q39","q39","q39","q39","q39","q39","q39","q39","q39","q39","q39","q39","q39","q39","q39","q39","","q82","","q10","","","","","","","","","","q40","","","q83","","","","","","","","","","","","",""
"q40","q45","q45","q45","q45","q45","q54","q45","q45","q45","q45","q45","q45","q45","q59","q45","q45","q45","q45","q45","q45","q50","q45","q45","q45","q45","q45","q45","q45","q45","q45","q45","q45","q45","q45","q45","q45","q45","q45","q45","q45","q45","q45","q45","q45","q45","q45","q45","q45","q45","q45","q45","q45","q45","q45","q41","q41","q41","q41","q41","q41","q41","q41","q41","q41","","","","","","","","","q63","","","","","","","","","q47","","","","","","","","","","","",""
"q41","","","","","","","","","","","","","","","","","","","","","","","","","","","","","","","","","","","","","","","","","","","","","","","","","","","","","","","q41","q41","q41","q41","q41","q41","q41","q41","q41","q41","q43","","","q10","","","","","","","q43","","q43","","q43","","q44","","","q43","","","","","","","","q42","",""
"q42","q39","q39","q39","q39","q39","q39","q39","q39","q39","q39","q39","q39","q39","q39","q39","q39","q39","q39","q39","q39","q39","q39","q39","q39","q39","q39","q39","q39","q39","q39","q39","q39","q39","q39","q39","q39","q39","q39","q39","q39","q39","q39","q39","q39","q39","q39","q39","q39","q39","q39","q39","q39","q39","q39","","","","","","","","","","","","","","","","","","","","","","","","","","","","","","","","","","","","","","","",""
"q43","q45","q45","q45","q45","q45","q45","q45","q45","q45","q45","q45","q45","q45","q45","q45","q45","q45","q45","q45","q45","q45","q45","q45","q45","q45","q45","q45","q45","q45","q45","q45","q45","q45","q45","q45","q45","q45","q45","q45","q45","q45","q45","q45","q45","q45","q45","q45","q45","q45","q45","q45","q45","q45","q45","q41","q41","q41","q41","q41","q41","q41","q41","q41","q41","","","","","","","","","","","","","","","","","","","","","","","","","","","","","",""
"q44","","","","","","","","","","","","","","","","","","","","","","","","","","","","","","","","","","","","","","","","","","","","","","","","","","","","","","","q41","q41","q41","q41","q41","q41","q41","q41","q41","q41","","","","","","","","","","","","","","","","","","","","","","","","","","","","","",""
"q45","q45","q45","q45","q45","q45","q45","q45","q45","q45","q45","q45","q45","q45","q45","q45","q45","q45","q45","q45","q45","q45","q45","q45","q45","q45","q45","q45","q45","q45","q45","q45","q45","q45","q45","q45","q45","q45","q45","q45","q45","q45","q45","q45","q45","q45","q45","q45","q45","q45","q45","q45","q45","q45","q45","q45","q45","q45","q45","q45","q45","q45","q45","q45","q45","q42","q46","","","","","","","","","q43","q42","q42","","","","","","","q42","","","","","","","","","",""
"q46","q45","q45","q45","q45","q45","q45","q45","q45","q45","q45","q45","q45","q45","q45","q45","q45","q45","q45","q45","q45","q45","q45","q45","q45","q45","q45","q45","q45","q45","q45","q45","q45","q45","q45","q45","q45","q45","q45","q45","q45","q45","q45","q45","q45","q45","q45","q45","q45","q45","q45","q45","q45","q45","q45","q45","q45","q45","q45","q45","q45","q45","q45","q45","q45","","","","","","","","","","","","","","","","","","","","","","","","","","","","","",""
"q47","q48","q48","q48","q48","q48","q48","q48","q48","q48","q48","q48","q48","q48","q48","q48","q48","q48","q48","q48","q48","q48","q48","q48","q48","q48","q48","q48","q48","q48","q48","q48","q48","q48","q48","q48","q48","q48","q48","q48","q48","q48","q48","q48","q48","q48","q48","q48","q48","q48","q48","q48","q48","q48","q48","q48","q48","q48","q48","q48","q48","q48","q48","q48","q48","q48","q48","q48","q48","q48","q48","q48","q48","q48","q48","q48","q48","q48","q48","q48","q48","q48","q48","q48","q48","q48","q48","q48","q48","q48","q48","q48","q48","q48","q48"
"q48","q48","q48","q48","q48","q48","q48","q48","q48","q48","q48","q48","q48","q48","q48","q48","q48","q48","q48","q48","q48","q48","q48","q48","q48","q48","q48","q48","q48","q48","q48","q48","q48","q48","q48","q48","q48","q48","q48","q48","q48","q48","q48","q48","q48","q48","q48","q48","q48","q48","q48","q48","q48","q48","q48","q48","q48","q48","q48","q48","q48","q48","q48","q48","q48","q48","q48","q48","q48","q48","q48","q48","q48","q48","q48","q48","q48","q48","q48","q48","q48","q48","q49","q48","q48","q48","q48","q48","q48","q48","q48","q48","q48","q48","q48"
"q49","","","","","","","","","","","","","","","","","","","","","","","","","","","","","","","","","","","","","","","","","","","","","","","","","","","","","","","","","","","","","","","","","","","","q10","","","","","","","","","","","","","","","","","","","","","","","","q42","",""
"q50","","","","","","","","","","","","","","","","","","","q51","","","","","","","","","","","","","","","","","","","","","","","","","","","","","","","","","","","","","","","","","","","","","","","","","","","","","","","","","","","","","","","","","","","","","","","","","","",""
"q51","","","","","","","","","","","","","","","","","","","","","","q52","","","","","","","","","","","","","","","","","","","","","","","","","","","","","","","","","","","","","","","","","","","","","","","","","","","","","","","","","","","","","","","","","","","","","","","",""
"q52","","","","","q53","","","","","","","","","","","","","","","","","","","","","","","","","","","","","","","","","","","","","","","","","","","","","","","","","","","","","","","","","","","","","","","","","","","","","","","","","","","","","","","","","","","","","","","","",""
"q53","","","","","","","","","","","","","","","","","","","","","","","","","","","","","","","","","","","","","","","","","","","","","","","","","","","","","","","","","","","","","","","","","","","","q10","","","","","","","","","","","","","","","","","","","","","","","","q42","",""
"q54","q55","","","","","","","","","","","","","","","","","","","","","","","","","","","","","","","","","","","","","","","","","","","","","","","","","","","","","","","","","","","","","","","","","","","","","","","","","","","","","","","","","","","","","","","","","","","","",""
"q55","","","","","","","","","","","","q56","","","","","","","","","","","","","","","","","","","","","","","","","","","","","","","","","","","","","","","","","","","","","","","","","","","","","","","","","","","","","","","","","","","","","","","","","","","","","","","","","",""
"q56","","","","","","","","","","","","","","","","","","","","q57","","","","","","","","","","","","","","","","","","","","","","","","","","","","","","","","","","","","","","","","","","","","","","","","","","","","","","","","","","","","","","","","","","","","","","","","","",""
"q57","","","","","q58","","","","","","","","","","","","","","","","","","","","","","","","","","","","","","","","","","","","","","","","","","","","","","","","","","","","","","","","","","","","","","","","","","","","","","","","","","","","","","","","","","","","","","","","",""
"q58","","","","","","","","","","","","","","","","","","","","","","","","","","","","","","","","","","","","","","","","","","","","","","","","","","","","","","","","","","","","","","","","","","","","q10","","","","","","","","","","","","","","","","","","","","","","","","q42","",""
"q59","","","","","","","","","","","","","","","","","","","","","","q60","","","","","","","","","","","","","","","","","","","","","","","","","","","","","","","","","","","","","","","","","","","","","","","","","","","","","","","","","","","","","","","","","","","","","","","",""
"q60","","","","","","","","","","","","q61","","","","","","","","","","","","","","","","","","","","","","","","","","","","","","","","","","","","","","","","","","","","","","","","","","","","","","","","","","","","","","","","","","","","","","","","","","","","","","","","","",""
"q61","","","","","","","","","","","","q62","","","","","","","","","","","","","","","","","","","","","","","","","","","","","","","","","","","","","","","","","","","","","","","","","","","","","","","","","","","","","","","","","","","","","","","","","","","","","","","","","",""
"q62","","","","","","","","","","","","","","","","","","","","","","","","","","","","","","","","","","","","","","","","","","","","","","","","","","","","","","","","","","","","","","","","","","","","q10","","","","","","","","","","","","","","","","","","","","","","","","q42","",""
"q63","q66","q66","q66","q66","q66","q72","q66","q66","q66","q66","q66","q66","q66","q77","q66","q66","q66","q66","q66","q66","q68","q66","q66","q66","q66","q66","q66","q66","q66","q66","q66","q66","q66","q66","q66","q66","q66","q66","q66","q66","q66","q66","q66","q66","q66","q66","q66","q66","q66","q66","q66","q66","q66","q66","q66","q66","q66","q66","q66","q66","q66","q66","q66","q66","q66","q66","q66","q66","q66","q66","q66","q66","q66","q66","q66","q66","q66","q66","q66","q66","q66","q66","q66","q66","q66","q66","q66","q66","q66","q66","q66","q64","q66","q66"
"q64","","","","","","","","","","","","","","","","","","","","","","","","","","","","","","","","","","","","","","","","","","","","","","","","","","","","","","","q64","q64","q64","q64","q64","q64","q64","q64","q64","q64","","","","","","","","","","q81","","","","","","","q65","","","","","","","","","","","","",""
"q65","","","","","","","","","","","","","","","","","","","","","","","","","","","","","","","","","","","","","","","","","","","","","","","","","","","","","","","q64","q64","q64","q64","q64","q64","q64","q64","q64","q64","","","","","","","","","","","","","","","","","","","","","","","","","","","","","",""
"q66","q66","q66","q66","q66","q66","q66","q66","q66","q66","q66","q66","q66","q66","q66","q66","q66","q66","q66","q66","q66","q66","q66","q66","q66","q66","q66","q66","q66","q66","q66","q66","q66","q66","q66","q66","q66","q66","q66","q66","q66","q66","q66","q66","q66","q66","q66","q66","q66","q66","q66","q66","q66","q66","q66","q66","q66","q66","q66","q66","q66","q66","q66","q66","q66","q66","q66","q66","q66","q66","q66","q66","q66","q66","q66","q66","q66","q66","q66","q66","q66","q66","q67","q66","q66","q66","q66","q66","q66","q66","q66","q66","q66","q66","q66"
"q67","","","","","","","","","","","","","","","","","","","","","","","","","","","","","","","","","","","","","","","","","","","","","","","","","","","","","","","","","","","","","","","","","","","","","","","","","","q81","","","","","","","","","","","","","","","","","","q63","",""
"q68","","","","","","","","","","","","","","","","","","","q69","","","","","","","","","","","","","","","","","","","","","","","","","","","","","","","","","","","","","","","","","","","","","","","","","","","","","","","","","","","","","","","","","","","","","","","","","","",""
"q69","","","","","","","","","","","","","","","","","","","","","","q70","","","","","","","","","","","","","","","","","","","","","","","","","","","","","","","","","","","","","","","","","","","","","","","","","","","","","","","","","","","","","","","","","","","","","","","",""
"q70","","","","","q71","","","","","","","","","","","","","","","","","","","","","","","","","","","","","","","","","","","","","","","","","","","","","","","","","","","","","","","","","","","","","","","","","","","","","","","","","","","","","","","","","","","","","","","","",""
"q71","","","","","","","","","","","","","","","","","","","","","","","","","","","","","","","","","","","","","","","","","","","","","","","","","","","","","","","","","","","","","","","","","","","","","","","","","","q81","","","","","","","","","","","","","","","","","","q63","",""
"q72","q73","","","","","","","","","","","","","","","","","","","","","","","","","","","","","","","","","","","","","","","","","","","","","","","","","","","","","","","","","","","","","","","","","","","","","","","","","","","","","","","","","","","","","","","","","","","","",""
"q73","","","","","","","","","","","","q74","","","","","","","","","","","","","","","","","","","","","","","","","","","","","","","","","","","","","","","","","","","","","","","","","","","","","","","","","","","","","","","","","","","","","","","","","","","","","","","","","",""
"q74","","","","","","","","","","","","","","","","","","","","q75","","","","","","","","","","","","","","","","","","","","","","","","","","","","","","","","","","","","","","","","","","","","","","","","","","","","","","","","","","","","","","","","","","","","","","","","","",""
"q75","","","","","q76","","","","","","","","","","","","","","","","","","","","","","","","","","","","","","","","","","","","","","","","","","","","","","","","","","","","","","","","","","","","","","","","","","","","","","","","","","","","","","","","","","","","","","","","",""
"q76","","","","","","","","","","","","","","","","","","","","","","","","","","","","","","","","","","","","","","","","","","","","","","","","","","","","","","","","","","","","","","","","","","","","","","","","","","q81","","","","","","","","","","","","","","","","","","q63","",""
"q77","","","","","","","","","","","","","","","","","","","","","","q78","","","","","","","","","","","","","","","","","","","","","","","","","","","","","","","","","","","","","","","","","","","","","","","","","","","","","","","","","","","","","","","","","","","","","","","",""
"q78","","","","","","","","","","","","q79","","","","","","","","","","","","","","","","","","","","","","","","","","","","","","","","","","","","","","","","","","","","","","","","","","","","","","","","","","","","","","","","","","","","","","","","","","","","","","","","","",""
"q79","","","","","","","","","","","","q80","","","","","","","","","","","","","","","","","","","","","","","","","","","","","","","","","","","","","","","","","","","","","","","","","","","","","","","","","","","","","","","","","","","","","","","","","","","","","","","","","",""
"q80","","","","","","","","","","","","","","","","","","","","","","","","","","","","","","","","","","","","","","","","","","","","","","","","","","","","","","","","","","","","","","","","","","","","","","","","","","q81","","","","","","","","","","","","","","","","","","","",""
"q81","","","","","","","","","","","","","","","","","","","","","","","","","","","","","","","","","","","","","","","","","","","","","","","","","","","","","","","","","","","","","","","","","","","","q10","","","","","","","","","","","","","","","","","","","","","","","","","",""
"q82","q39","q39","q39","q39","q39","q39","q39","q39","q39","q39","q39","q39","q39","q39","q39","q39","q39","q39","q39","q39","q39","q39","q39","q39","q39","q39","q39","q39","q39","q39","q39","q39","q39","q39","q39","q39","q39","q39","q39","q39","q39","q39","q39","q39","q39","q39","q39","q39","q39","q39","q39","q39","q39","q39","q39","q39","q39","q39","q39","q39","q39","q39","q39","q39","","","","","","","","","","","","","","","","","","","","","","","","","","","","","",""
"q83","q39","q39","q39","q39","q39","q39","q39","q39","q39","q39","q39","q39","q39","q39","q39","q39","q39","q39","q39","q39","q39","q39","q39","q39","q39","q39","q39","q39","q39","q39","q39","q39","q39","q39","q39","q39","q39","q39","q39","q39","q39","q39","q39","q39","q39","q39","q39","q39","q39","q39","q39","q39","q39","q39","","","","","","","","","","","","","","","","","","","","","","","","","","","","","","","","","","","","","","","",""
"q84","q39","q39","q39","q39","q39","q39","q39","q85","q39","q39","q39","q39","q39","q39","q39","q39","q39","q39","q39","q39","q39","q39","q39","q39","q39","q39","q39","q39","q39","q39","q39","q39","q39","q39","q39","q39","q39","q39","q39","q39","q39","q39","q39","q39","q39","q39","q39","q39","q39","q39","q39","q39","q39","q39","q39","q39","q39","q39","q39","q39","q39","q39","q39","q39","q39","q39","q39","q39","q39","q39","q39","q39","q39","q39","q39","q39","q39","q39","q39","q39","q39","q39","q39","q39","q39","q39","q39","q39","q39","q39","q39","q39","q39","q39"
"q85","","","","","q86","","","","","","","","","","","","","","","","","","","","","","","","","","","","","","","","","","","","","","","","","","","","","","","","","","","","","","","","","","","","","","","","","","","","","","","","","","","","","","","","","","","","","","","","",""
"q86","","","q87","","","","","","","","","","","","","","","","","","","","","","","","","","","","","","","","","","","","","","","","","","","","","","","","","","","","","","","","","","","","","","","","","","","","","","","","","","","","","","","","","","","","","","","","","","",""
"q87","","","","","","","","","","","q88","","","","","","","","","","","","","","","","","","","","","","","","","","","","","","","","","","","","","","","","","","","","","","","","","","","","","","","","","","","","","","","","","","","","","","","","","","","","","","","","","","",""
"q88","","","","","","","","","","","","","","","","","","","","","","","","","","","","","","","","","","","","","","","","","","","","","","","","","","","","","","","","","","","","","","","","","","","","","","","q89","","","","","","","","","","","","","","","","","","","","","","",""
"q89","q115","q115","q115","q115","q115","q94","q115","q115","q115","q115","q115","q115","q115","q99","q115","q115","q115","q115","q115","q115","q90","q115","q115","q115","q115","q115","q115","q115","q115","q115","q115","q115","q115","q115","q115","q115","q115","q115","q115","q115","q115","q115","q115","q115","q115","q115","q115","q115","q115","q115","q115","q115","q115","q115","q109","q109","q109","q109","q109","q109","q109","q109","q109","q109","","","","","","","","","","","","","","","","","","","","","","","","","","","","","",""
"q90","","","","","","","","","","","","","","","","","","","q91","","","","","","","","","","","","","","","","","","","","","","","","","","","","","","","","","","","","","","","","","","","","","","","","","","","","","","","","","","","","","","","","","","","","","","","","","","",""
"q91","","","","","","","","","","","","","","","","","","","","","","q92","","","","","","","","","","","","","","","","","","","","","","","","","","","","","","","","","","","","","","","","","","","","","","","","","","","","","","","","","","","","","","","","","","","","","","","",""
"q92","","","","","q93","","","","","","","","","","","","","","","","","","","","","","","","","","","","","","","","","","","","","","","","","","","","","","","","","","","","","","","","","","","","","","","","","","","","","","","","","","","","","","","","","","","","","","","","",""
"q93","","","","","","","","","","","","","","","","","","","","","","","","","","","","","","","","","","","","","","","","","","","","","","","","","","","","","","","","","","","","","","","","","","","","","","","","q117","","","","","","","","","","","","","","","","","","","","","q103",""
"q94","q95","","","","","","","","","","","","","","","","","","","","","","","","","","","","","","","","","","","","","","","","","","","","","","","","","","","","","","","","","","","","","","","","","","","","","","","","","","","","","","","","","","","","","","","","","","","","",""
"q95","","","","","","","","","","","","q96","","","","","","","","","","","","","","","","","","","","","","","","","","","","","","","","","","","","","","","","","","","","","","","","","","","","","","","","","","","","","","","","","","","","","","","","","","","","","","","","","",""
"q96","","","","","","","","","","","","","","","","","","","","q97","","","","","","","","","","","","","","","","","","","","","","","","","","","","","","","","","","","","","","","","","","","","","","","","","","","","","","","","","","","","","","","","","","","","","","","","","",""
"q97","","","","","q98","","","","","","","","","","","","","","","","","","","","","","","","","","","","","","","","","","","","","","","","","","","","","","","","","","","","","","","","","","","","","","","","","","","","","","","","","","","","","","","","","","","","","","","","",""
"q98","","","","","","","","","","","","","","","","","","","","","","","","","","","","","","","","","","","","","","","","","","","","","","","","","","","","","","","","","","","","","","","","","","","","","","","","q117","","","","","","","","","","","","","","","","","","","","","q103",""
"q99","","","","","","","","","","","","","","","","q100","","","","","","","","","","","","","","","","","","","","","","","","","","","","","","","","","","","","","","","","","","","","","","","","","","","","","","","","","","","","","","","","","","","","","","","","","","","","","",""
"q100","","","","","","","","","","","","","","","","","","","","","q101","","","","","","","","","","","","","","","","","","","","","","","","","","","","","","","","","","","","","","","","","","","","","","","","","","","","","","","","","","","","","","","","","","","","","","","","",""
"q101","","","","","","","","","","","","","","","","","","","","","","","","","","","","","","","","","","","","","","","","","","","","","","","","","","","","","","","","","","","","","","","","","","","","","","","","","","","","","","","","","","","","","","","","","","","","","q102",""
"q102","","","","","","q94","","","","","","","","","","","","","","","q90","","","","","","","","","","","","","","","","","","","","","","","","","","","","","","","","","","","","","","","","","","","","","","","","","","","","","","","","","","","","","","","","","","","","","","","","",""
"q103","q104","","","","","","","","","","","","","","","q107","","","","","","","","","","","","","","","","","","","","","","","","","","","","","","","","","","","","","","","","","","","","","","","","","","","","","","","","","","","","","","","","","","","","","","","","","","","","","",""
"q104","","","","","","","","","","","","","","q105","","","","","","","","","","","","","","","","","","","","","","","","","","","","","","","","","","","","","","","","","","","","","","","","","","","","","","","","","","","","","","","","","","","","","","","","","","","","","","","",""
"q105","","","","q106","","","","","","","","","","","","","","","","","","","","","","","","","","","","","","","","","","","","","","","","","","","","","","","","","","","","","","","","","","","","","","","","","","","","","","","","","","","","","","","","","","","","","","","","","",""
"q106","","","","","","","","","","","","","","","","","","","","","","","","","","","","","","","","","","","","","","","","","","","","","","","","","","","","","","","","","","","","","","","","","","","","","","","","","","","","","","","","","","","","","","","","","","","","","q89",""
"q107","","","","","","","","","","","","","","","","","","","q108","","","","","","","","","","","","","","","","","","","","","","","","","","","","","","","","","","","","","","","","","","","","","","","","","","","","","","","","","","","","","","","","","","","","","","","","","","",""
"q108","","","","","","","","","","","","","","","","","","","","","","","","","","","","","","","","","","","","","","","","","","","","","","","","","","","","","","","","","","","","","","","","","","","","","","","","","","","","","","","","","","","","","","","","","","","","","q89",""
"q109","","","","","","","","","","","","","","","","","","","","","","","","","","","","","","","","","","","","","","","","","","","","","","","","","","","","","","","q109","q109","q109","q109","q109","q109","q109","q109","q109","q109","","","","","","","","","","","","","","q114","q110","q112","","","","","","","","","","","","","",""
"q110","q115","q115","q115","q115","q115","q115","q115","q115","q115","q115","q115","q115","q115","q115","q115","q115","q115","q115","q115","q115","q115","q115","q115","q115","q115","q115","q115","q115","q115","q115","q115","q115","q115","q115","q115","q115","q115","q115","q115","q115","q115","q115","q115","q115","q115","q115","q115","q115","q115","q115","q115","q115","q115","q115","q111","q111","q111","q111","q111","q111","q111","q111","q111","q111","","","","","","","","","","","","","","q113","","","","","","","","","","","","","","","",""
"q111","","","","","","","","","","","","","","","","","","","","","","","","","","","","","","","","","","","","","","","","","","","","","","","","","","","","","","","q111","q111","q111","q111","q111","q111","q111","q111","q111","q111","","","","","","","","q117","","","","","","","","","","","","","","","","","","","","","",""
"q112","q115","q115","q115","q115","q115","q115","q115","q115","q115","q115","q115","q115","q115","q115","q115","q115","q115","q115","q115","q115","q115","q115","q115","q115","q115","q115","q115","q115","q115","q115","q115","q115","q115","q115","q115","q115","q115","q115","q115","q115","q115","q115","q115","q115","q115","q115","q115","q115","q115","q115","q115","q115","q115","q115","q111","q111","q111","q111","q111","q111","q111","q111","q111","q111","","","","","","","","","","","","","","q113","q110","","","","","","","","","","","","","","",""
"q113","q115","q115","q115","q115","q115","q115","q115","q115","q115","q115","q115","q115","q115","q115","q115","q115","q115","q115","q115","q115","q115","q115","q115","q115","q115","q115","q115","q115","q115","q115","q115","q115","q115","q115","q115","q115","q115","q115","q115","q115","q115","q115","q115","q115","q115","q115","q115","q115","q115","q115","q115","q115","q115","q115","q111","q111","q111","q111","q111","q111","q111","q111","q111","q111","","","","","","","","","","","","","","","","","","","","","","","","","","","","","",""
"q114","","","","","","","","","","","","","","","","","","","","","","","","","","","","","","","","","","","","","","","","","","","","","","","","","","","","","","","","","","","","","","","","","","","","","","","","","","","","","","q113","","","","","","","","","","","","","","","",""
"q115","q115","q115","q115","q115","q115","q115","q115","q115","q115","q115","q115","q115","q115","q115","q115","q115","q115","q115","q115","q115","q115","q115","q115","q115","q115","q115","q115","q115","q115","q115","q115","q115","q115","q115","q115","q115","q115","q115","q115","q115","q115","q115","q115","q115","q115","q115","q115","q115","q115","q115","q115","q115","q115","q115","q115","q115","q115","q115","q115","q115","q115","q115","q115","q115","","q116","","","","","","q117","","","","","","q114","q110","q112","","","","","","","","","","","","","",""
"q116","q115","q115","q115","q115","q115","q115","q115","q115","q115","q115","q115","q115","q115","q115","q115","q115","q115","q115","q115","q115","q115","q115","q115","q115","q115","q115","q115","q115","q115","q115","q115","q115","q115","q115","q115","q115","q115","q115","q115","q115","q115","q115","q115","q115","q115","q115","q115","q115","q115","q115","q115","q115","q115","q115","q115","q115","q115","q115","q115","q115","q115","q115","q115","q115","","","","","","","","","","","","","","","","","","","","","","","","","","","","","",""
"q117","","","","","","","","","","","","","","","","","","","","","","","","","","","","","","","","","","","","","","","","","","","","","","","","","","","","","","","","","","","","","","","","","","","","","q118","","","","","","","","","","","","","","","","","","","","","","","","",""
"q118","","","","","","","","","","","","","","","","","","","","","","","","","","","","","","","","","","","","","","","","","","","","","","","","","","","","","","","","","","","","","","","","","","","","","","","","","","","","","","","","","","","","","","","","","q11","","","","",""
"q119","","","","","q120","","","","","","","","","","","","","","","","","","","","","","","","","","","","","","","","","","","","","","","","","","","","","","","","","","","","","","","","","","","","","","","","","","","","","","","","","","","","","","","","","","","","","","","","",""
"q120","q121","","","","","","","","","","","","","","","","","","","","","","","","","","","","","","","","","","","","","","","","","","","","","","","","","","","","","","","","","","","","","","","","","","","","","","","","","","","","","","","","","","","","","","","","","","","","",""
"q121","","","","","","","","","","","","","","","","","","","","","q122","","","","","","","","","","","","","","","","","","","","","","","","","","","","","","","","","","","","","","","","","","","","","","","","","","","","","","","","","","","","","","","","","","","","","","","","",""
"q122","","","","","","","","","","","","","","","","","","","","","","","","","","","","","","","","","","","","","","","","","","","","","","","","","","","","","","","","","","","","","","","","","","","","","","","","","q123","","","","","","","","q140","","","","","","","","","","","","",""
"q123","q125","q125","q125","q125","q125","q125","q125","q125","q125","q125","q125","q125","q125","q125","q125","q125","q125","q125","q125","q125","q125","q125","q125","q125","q125","q125","q125","q125","q125","q125","q125","q125","q125","q125","q125","q125","q125","q125","q125","q125","q125","q125","q125","q125","q125","q125","q125","q125","q125","q125","q125","q125","q125","q125","q124","q124","q124","q124","q124","q124","q124","q124","q124","q124","","","","","","","","","","","","","","","","","","","","","","","","","","","","","",""
"q124","","","","","","","","","","","","","","","","","","","","","","","","","","","","","","","","","","","","","","","","","","","","","","","","","","","","","","","q124","q124","q124","q124","q124","q124","q124","q124","q124","q124","","","","","","","","","","q152","","","","","","","","","","","","","","","","","","","",""
"q125","q126","q126","q126","q126","q126","q126","q126","q126","q126","q126","q126","q126","q126","q126","q126","q126","q126","q126","q126","q126","q126","q126","q126","q126","q126","q126","q126","q126","q126","q126","q126","q126","q126","q126","q126","q126","q126","q126","q126","q126","q126","q126","q126","q126","q126","q126","q126","q126","q126","q126","q126","q126","q126","q126","q126","q126","q126","q126","q126","q126","q126","q126","q126","q126","","","","","","","","","","","","","","","","","","","","","","","","","","","","","",""
"q126","q126","q126","q126","q126","q126","q126","q126","q126","q126","q126","q126","q126","q126","q126","q126","q126","q126","q126","q126","q126","q126","q126","q126","q126","q126","q126","q126","q126","q126","q126","q126","q126","q126","q126","q126","q126","q126","q126","q126","q126","q126","q126","q126","q126","q126","q126","q126","q126","q126","q126","q126","q126","q126","q126","q126","q126","q126","q126","q126","q126","q126","q126","q126","q126","","","","","","","","","","","","","","","","","","","","","","","","","","","","","q127",""
"q127","","","","","","","","","q128","","","","","","","","","","","","","","","","","","","","","","","","","","","","","","","","","","","","","","","","","","","","","","","","","","","","","","","","","","","","","","","","","","","","","","","","","","","","","","","","","","","q132","",""
"q128","","","","","","","","","","","","","","q129","","","","","","","","","","","","","","","","","","","","","","","","","","","","","","","","","","","","","","","","","","","","","","","","","","","","","","","","","","","","","","","","","","","","","","","","","","","","","","","",""
"q129","","","","","","","","","","","","","","","","","","","","","","","","","","","","","","","","","","","","","","","","","","","","","","","","","","","","","","","","","","","","","","","","","","","","","","","","","","","","","","","","","","","","","","","","","","","","q130","",""
"q130","q131","q131","q131","q131","q131","q131","q131","q131","q131","q131","q131","q131","q131","q131","q131","q131","q131","q131","q131","q131","q131","q131","q131","q131","q131","q131","q131","q131","q131","q131","q131","q131","q131","q131","q131","q131","q131","q131","q131","q131","q131","q131","q131","q131","q131","q131","q131","q131","q131","q131","q131","q131","q131","q131","","","","","","","","","","","","","","","","","","","","","","","","","","","","","","","","","","","","","","","",""
"q131","q131","q131","q131","q131","q131","q131","q131","q131","q131","q131","q131","q131","q131","q131","q131","q131","q131","q131","q131","q131","q131","q131","q131","q131","q131","q131","q131","q131","q131","q131","q131","q131","q131","q131","q131","q131","q131","q131","q131","q131","q131","q131","q131","q131","q131","q131","q131","q131","q131","q131","q131","q131","q131","q131","q131","q131","q131","q131","q131","q131","q131","q131","q131","q131","","","","","","","","","","q152","","","","","","","","","","","","","","","","","","","",""
"q132","q133","q133","q133","q133","q133","q133","q133","q133","q133","q133","q133","q133","q133","q133","q133","q133","q133","q133","q133","q133","q133","q133","q133","q133","q133","q133","q133","q133","q133","q133","q133","q133","q133","q133","q133","q133","q133","q133","q133","q133","q133","q133","q133","q133","q133","q133","q133","q133","q133","q133","q133","q133","q133","q133","","","","","","","","","","","","","","","","","","","","","","","","","","","","","","","","","","","","","","","",""
"q133","q133","q133","q133","q133","q133","q133","q133","q133","q133","q133","q133","q133","q133","q133","q133","q133","q133","q133","q133","q133","q133","q133","q133","q133","q133","q133","q133","q133","q133","q133","q133","q133","q133","q133","q133","q133","q133","q133","q133","q133","q133","q133","q133","q133","q133","q133","q133","q133","q133","q133","q133","q133","q133","q133","q133","q133","q133","q133","q133","q133","q133","q133","q133","q133","","","","","","","","","","","","","","q187","q186","q134","","","","","","","","","","","","","",""
"q134","q136","q136","q136","q136","q136","q136","q136","q136","q136","q136","q136","q136","q136","q136","q136","q136","q136","q136","q136","q136","q136","q136","q136","q136","q136","q136","q136","q136","q136","q136","q136","q136","q136","q136","q136","q136","q136","q136","q136","q136","q136","q136","q136","q136","q136","q136","q136","q136","q136","q136","q136","q136","q136","q136","q135","q135","q135","q135","q135","q135","q135","q135","q135","q135","","","","","","","","","","","","","","q189","q188","","","","","","","","","","","","","","",""
"q135","","","","","","","","","","","","","","","","","","","","","","","","","","","","","","","","","","","","","","","","","","","","","","","","","","","","","","","q135","q135","q135","q135","q135","q135","q135","q135","q135","q135","","","","","","","","","","","","","","","","","","","","","","","","","","","","q137","",""
"q136","","","","","","","","","","","","","","","","","","","","","","","","","","","","","","","","","","","","","","","","","","","","","","","","","","","","","","","q136","q136","q136","q136","q136","q136","q136","q136","q136","q136","","","","","","","","","","","","","","","","","","","","","","","","","","","","q137","",""
"q137","","","","","","","","","","","","","","","","","","","","","","","","","","","","","","","","","","","","","","","","","","","","","","","","","","","","","","","","","","","","","","","","","","","","","","","","","","","q138","","","","","","","","","","","","","","","","","","",""
"q138","","","","","","","","","","","","","","","","","","","","","","","","","","","","","","","","","","","","","","","","","","","","","","","","","","","","","","","q139","q139","q139","q139","q139","q139","q139","q139","q139","q139","","","","","","","","","","","","","","","","","","","","","","","","","","","","","",""
"q139","","","","","","","","","","","","","","","","","","","","","","","","","","","","","","","","","","","","","","","","","","","","","","","","","","","","","","","","","","","","","","","","","","","","","","","","","","q152","","","","","","","","","","","","","","","","","","","",""
"q140","","","","","","","","","","","","","","","","","","","","","","q141","","","","","","","","","","","","","","","","","","","","","","","","","","","","","","","","","","","","","","","","","","","","","","","","","","","","","","","","","","","","","","","","","","","","","","","",""
"q141","","","","","","","","","","","","","","q142","","","","","","","","","","","","","","","","","","","","","","","","","","","","","","","","","","","","","","","","","","","","","","","","","","","","","","","","","","","","","","","","","","","","","","","","","","","","","","","",""
"q142","","","","","","","","","","","","","","","","","","","","","q143","","","","","","","","","","","","","","","","","","","","","","","","","","","","","","","","","","","","","","","","","","","","","","","","","","","","","","","","","","","","","","","","","","","","","","","","",""
"q143","","","","","","","","","q144","","","","","","","","","","","","","","","","","","","","","","","","","","","","","","","","","","","","","","","","","","","","","","","","","","","","","","","","","","","","","","","","","","","","","","","","","","","","","","","","","","","","",""
"q144","","","","","","","","","","","","q145","","","","","","","","","","","","","","","","","","","","","","","","","","","","","","","","","","","","","","","","","","","","","","","","","","","","","","","","","","","","","","","","","","","","","","","","","","","","","","","","","",""
"q145","","","","","","","","","","","","","","","","","","","","","","","","","","","","","","","","","","","","","","","","","","","","","","","","","","","","","","","","","","","","","","","","","","","","","","","","","q151","","","","","","","","","","","","","","","","","","","","",""
"q146","q146","q146","q146","q146","q146","q146","q146","q146","q146","q146","q146","q146","q146","q146","q146","q146","q146","q146","q146","q146","q146","q146","q146","q146","q146","q146","q146","q146","q146","q146","q146","q146","q146","q146","q146","q146","q146","q146","q146","q146","q146","q146","q146","q146","q146","q146","q146","q146","q146","q146","q146","q146","q146","q146","q146","q146","q146","q146","q146","q146","q146","q146","q146","q146","","","","","","","","","","","","","","q193","q192","q190","","","","","","","","","","","","","",""
"q147","","","","","","","","","","","","","","","","","","","","","","","","","","","","","","","","","","","","","","","","","","","","","","","","","","","","","","","q147","q147","q147","q147","q147","q147","q147","q147","q147","q147","","","","","","","","","","","","","","q193","q192","q190","","","","","","","","","","","","","",""
"q148","q149","q149","q149","q149","q149","q149","q149","q149","q149","q149","q149","q149","q149","q149","q149","q149","q149","q149","q149","q149","q149","q149","q149","q149","q149","q149","q149","q149","q149","q149","q149","q149","q149","q149","q149","q149","q149","q149","q149","q149","q149","q149","q149","q149","q149","q149","q149","q149","q149","q149","q149","q149","q149","q149","q150","q150","q150","q150","q150","q150","q150","q150","q150","q150","","","","","","","","","","","","","","","","","","","","","","","","","","","","","",""
"q149","q149","q149","q149","q149","q149","q149","q149","q149","q149","q149","q149","q149","q149","q149","q149","q149","q149","q149","q149","q149","q149","q149","q149","q149","q149","q149","q149","q149","q149","q149","q149","q149","q149","q149","q149","q149","q149","q149","q149","q149","q149","q149","q149","q149","q149","q149","q149","q149","q149","q149","q149","q149","q149","q149","q149","q149","q149","q149","q149","q149","q149","q149","q149","q149","","","","","","","","","","q152","","","","","","","","","","","","","","","","","","","",""
"q150","","","","","","","","","","","","","","","","","","","","","","","","","","","","","","","","","","","","","","","","","","","","","","","","","","","","","","","q150","q150","q150","q150","q150","q150","q150","q150","q150","q150","","","","","","","","","","q152","","","","","","","","","","","","","","","","","","","",""
"q151","q146","q146","q146","q146","q146","q146","q146","q146","q146","q146","q146","q146","q146","q146","q146","q146","q146","q146","q146","q146","q146","q146","q146","q146","q146","q146","q146","q146","q146","q146","q146","q146","q146","q146","q146","q146","q146","q146","q146","q146","q146","q146","q146","q146","q146","q146","q146","q146","q146","q146","q146","q146","q146","q146","q147","q147","q147","q147","q147","q147","q147","q147","q147","q147","","","","","","","","","","","","","","","","","","","","","","","","","","","","","",""
"q152","","","","","","","","","","","","","","","","","","","","","","","","","","","","","","","","","","","","","","","","","","","","","","","","","","","","","","","","","","","","","","","","","","","","","q153","","","","","","","","","","","","","","","","","","","","","","","","",""
"q153","","","","","","","","","","","","","","","","","","","","","","","","","","","","","","","","","","","","","","","","","","","","","","","","","","","","","","","","","","","","","","","","","","","","","","","","","","","","","","","","","","","","","","","","","q11","","","","",""
"q154","","","","","","","","","","","","","","","","","","","","","","q155","","","","","","","","","","","","","","","","","","","","","","","","","","","","","","","","","","","","","","","","","","","","","","","","","","","","","","","","","","","","","","","","","","","","","","","",""
"q155","","","","","","","","","","","","","","","","","","","q156","","","","","","","","","","","","","","","","","","","","","","","","","","","","","","","","","","","","","","","","","","","","","","","","","","","","","","","","","","","","","","","","","","","","","","","","","","",""
"q156","","","","","","","","","","","","","","q157","","","","","","","","","","","","","","","","","","","","","","","","","","","","","","","","","","","","","","","","","","","","","","","","","","","","","","","","","","","","","","","","","","","","","","","","","","","","","","","",""
"q157","","","","","","","","","","","","","","","","","","","","","","","","","","","","","","","","","","","","","","","","","","","","","","","","","","","","","","","","","","","","","","","","","","","","","","","","","","","","","","","","","","","","","","","","","","","","","q158",""
"q158","q159","q159","q159","q159","q159","q159","q159","q159","q159","q159","q159","q159","q159","q159","q159","q159","q159","q159","q159","q159","q159","q159","q159","q159","q159","q159","q159","q159","q159","q159","q159","q159","q159","q159","q159","q159","q159","q159","q159","q159","q159","q159","q159","q159","q159","q159","q159","q159","q159","q159","q159","q159","q159","q159","q161","q161","q161","q161","q161","q161","q161","q161","q161","q161","","","","","","","","","","","","","","","","","","q159","","","","","","","","","","","",""
"q159","q160","q160","q160","q160","q160","q160","q160","q160","q160","q160","q160","q160","q160","q160","q160","q160","q160","q160","q160","q160","q160","q160","q160","q160","q160","q160","q160","q160","q160","q160","q160","q160","q160","q160","q160","q160","q160","q160","q160","q160","q160","q160","q160","q160","q160","q160","q160","q160","q160","q160","q160","q160","q160","q160","q160","q160","q160","q160","q160","q160","q160","q160","q160","q160","","q160","","","","","","","","","","","","","","","","q160","","","","","","","","","","","",""
"q160","q160","q160","q160","q160","q160","q160","q160","q160","q160","q160","q160","q160","q160","q160","q160","q160","q160","q160","q160","q160","q160","q160","q160","q160","q160","q160","q160","q160","q160","q160","q160","q160","q160","q160","q160","q160","q160","q160","q160","q160","q160","q160","q160","q160","q160","q160","q160","q160","q160","q160","q160","q160","q160","q160","q160","q160","q160","q160","q160","q160","q160","q160","q160","q160","","q160","","q162","","","","","","","","","","","","","","q160","","","","","","","","","","","",""
"q161","","","","","","","","","","","","","","","","","","","","","","","","","","","","","","","","","","","","","","","","","","","","","","","","","","","","","","","","","","","","","","","","","","","","q162","","","","","","","","","","","","","","","","","","","","","","","","","",""
"q162","","","","","","","","","","","","","","","","","","","","","","","","","","","","","","","","","","","","","","","","","","","","","","","","","","","","","","","","","","","","","","","","","","","","","q163","","","","","","","","","","","","","","","","","","","","","","","","",""
"q163","","","","","","","","","","","","","","","","","","","","","","","","","","","","","","","","","","","","","","","","","","","","","","","","","","","","","","","","","","","","","","","","","","","","","","","","","","","","","","","","","","","","","","","","","q11","","","","",""
"q164","","","","","","","","","","","","","","","","","","","","","","","","","","","","","","","","","","","","","","","","","","","","","","","","","","","","","","","","","","","","","","","","","","","","","","","","","","","","","","","","","","","","","","","","","","","","","",""
"q165","q39","q39","q39","q39","q39","q39","q39","q39","q39","q39","q39","q39","q39","q39","q39","q39","q39","q39","q39","q39","q39","q166","q39","q39","q39","q39","q39","q39","q39","q39","q39","q39","q39","q39","q39","q39","q39","q39","q39","q39","q39","q39","q39","q39","q39","q39","q39","q39","q39","q39","q39","q39","q39","q39","","","","","","","","","","","","","","","","","","","","","","","","","","","","","","","","","","","","","","","",""
"q166","","","","","","","","","","","","","","q167","","","","","","","","","","","","","","","","","","","","","","","","","","","","","","","","","","","","","","","","","","","","","","","","","","","","","","","","","","","","","","","","","","","","","","","","","","","","","","","",""
"q167","","","q168","","","","","","","","","","","","","","","","","","","","","","","","","","","","","","","","","","","","","","","","","","","","","","","","","","","","","","","","","","","","","","","","","","","","","","","","","","","","","","","","","","","","","","","","","","",""
"q168","","","","","","","","","","","","","","","","","","","","","","","","","","","","","","","","","","","","","","","","","","","","","","","","","","","","","","","","","","","","","","","","","","","","","","","","","","","","","","","","","","","","","","","","","","","","","q169",""
"q169","q170","q170","q170","q170","q170","q170","q170","q170","q170","q170","q170","q170","q170","q170","q170","q170","q170","q170","q170","q170","q170","q170","q170","q170","q170","q170","q170","q170","q170","q170","q170","q170","q170","q170","q170","q170","q170","q170","q170","q170","q170","q170","q170","q170","q170","q170","q170","q170","q170","q170","q170","q170","q170","q170","","","","","","","","","","","","","","","","","","","","","","","","","","","","","","","","","","","","","","","",""
"q170","q171","q171","q171","q171","q171","q171","q171","q171","q171","q171","q171","q171","q171","q171","q171","q171","q171","q171","q171","q171","q171","q171","q171","q171","q171","q171","q171","q171","q171","q171","q171","q171","q171","q171","q171","q171","q171","q171","q171","q171","q171","q171","q171","q171","q171","q171","q171","q171","q171","q171","q171","q171","q171","q171","q171","q171","q171","q171","q171","q171","q171","q171","q171","q171","","","","","","","","","","","","","","","","","","","","","","","","","","","","","",""
"q171","q171","q171","q171","q171","q171","q171","q171","q171","q171","q171","q171","q171","q171","q171","q171","q171","q171","q171","q171","q171","q171","q171","q171","q171","q171","q171","q171","q171","q171","q171","q171","q171","q171","q171","q171","q171","q171","q171","q171","q171","q171","q171","q171","q171","q171","q171","q171","q171","q171","q171","q171","q171","q171","q171","q171","q171","q171","q171","q171","q171","q171","q171","q171","q171","","","","","","","q172","","","","","","","","","","","","","","","","","","","","","","",""
"q172","q174","q174","q174","q174","q174","q174","q174","q174","q174","q174","q174","q174","q174","q174","q174","q174","q174","q174","q174","q174","q174","q174","q174","q174","q174","q174","q174","q174","q174","q174","q174","q174","q174","q174","q174","q174","q174","q174","q174","q174","q174","q174","q174","q174","q174","q174","q174","q174","q174","q174","q174","q174","q174","q174","","","","","","","","","","","","","","","","","","q173","","","","","","","","","","","","","","","","","","","","","",""
"q173","","","","","","","","","","","","","","","","","","","","","","","","","","","","","","","","","","","","","","","","","","","","","","","","","","","","","","","","","","","","","","","","","","","","","q177","","","","","","","","","","","","","","","","","","","","","","","","",""
"q174","q175","q175","q175","q175","q175","q175","q175","q175","q175","q175","q175","q175","q175","q175","q175","q175","q175","q175","q175","q175","q175","q175","q175","q175","q175","q175","q175","q175","q175","q175","q175","q175","q175","q175","q175","q175","q175","q175","q175","q175","q175","q175","q175","q175","q175","q175","q175","q175","q175","q175","q175","q175","q175","q175","q175","q175","q175","q175","q175","q175","q175","q175","q175","q175","","","","","","","","q173","","","","","","","","","","","","","","","","","","","","q176","",""
"q175","q175","q175","q175","q175","q175","q175","q175","q175","q175","q175","q175","q175","q175","q175","q175","q175","q175","q175","q175","q175","q175","q175","q175","q175","q175","q175","q175","q175","q175","q175","q175","q175","q175","q175","q175","q175","q175","q175","q175","q175","q175","q175","q175","q175","q175","q175","q175","q175","q175","q175","q175","q175","q175","q175","q175","q175","q175","q175","q175","q175","q175","q175","q175","q175","","","","","","","","q173","","","","","","","","","","","","","","","","","","","","q176","",""
"q176","q174","q174","q174","q174","q174","q174","q174","q174","q174","q174","q174","q174","q174","q174","q174","q174","q174","q174","q174","q174","q174","q174","q174","q174","q174","q174","q174","q174","q174","q174","q174","q174","q174","q174","q174","q174","q174","q174","q174","q174","q174","q174","q174","q174","q174","q174","q174","q174","q174","q174","q174","q174","q174","q174","","","","","","","","","","","","","","","","","","","","","","","","","","","","","","","","","","","","","","","",""
"q177","q38","q38","q82","q38","q38","q38","q38","q38","q38","q38","q38","q38","q38","q38","q38","q38","q38","q38","q31","q38","q38","q38","q38","q19","q38","q38","q38","q38","q38","q38","q38","q38","q38","q38","q38","q38","q38","q38","q38","q38","q38","q38","q38","q38","q38","q38","q38","q38","q38","q38","q38","q38","q38","q38","","","","","","","","","","","","","","","","","","","","","","","","","","","","","q12","q14","","","","","q11","","","","",""
"q178","","","","","q182","","","","","","","","","","","","","","","","","","","","","","","","","","","q179","","","","","","","","","","","","","","","","","","","","","","","","","","","","","","","","","","","","","","","","","","","","","","","","","","","","","","","","","q11","","","","",""
"q179","","","","","","","","","","","","","","q180","","","","","","","","","","","","","","","","","","","","","","","","","","","","","","","","","","","","","","","","","","","","","","","","","","","","","","","","","","","","","","","","","","","","","","","","","","","","","","","",""
"q180","","","","q181","","","","","","","","","","","","","","","","","","","","","","","","","","","","","","","","","","","","","","","","","","","","","","","","","","","","","","","","","","","","","","","","","","","","","","","","","","","","","","","","","","","","","","","","","",""
"q181","","","","","","","","","","","","","","","","","","","","","","","","","","","","","","","","","","","","","","","","","","","","","","","","","","","","","","","","","","","","","","","","","","","","q194","","","","","","","","","","","","","","","","","","","","","","","","","",""
"q182","","","","","","","","","","","","q183","","","","","","","","","","","","","","","","","","","","","","","","","","","","","","","","","","","","","","","","","","","","","","","","","","","","","","","","","","","","","","","","","","","","","","","","","","","","","","","","","",""
"q183","","","","","","","","","","","","","","","","","","","","q184","","","","","","","","","","","","","","","","","","","","","","","","","","","","","","","","","","","","","","","","","","","","","","","","","","","","","","","","","","","","","","","","","","","","","","","","","",""
"q184","","","","","q185","","","","","","","","","","","","","","","","","","","","","","","","","","","","","","","","","","","","","","","","","","","","","","","","","","","","","","","","","","","","","","","","","","","","","","","","","","","","","","","","","","","","","","","","",""
"q185","","","","","","","","","","","","","","","","","","","","","","","","","","","","","","","","","","","","","","","","","","","","","","","","","","","","","","","","","","","","","","","","","","","","","q118","","","","","","","","","","","","","","","","","","","","","","","","",""
"q186","q136","q136","q136","q136","q136","q136","q136","q136","q136","q136","q136","q136","q136","q136","q136","q136","q136","q136","q136","q136","q136","q136","q136","q136","q136","q136","q136","q136","q136","q136","q136","q136","q136","q136","q136","q136","q136","q136","q136","q136","q136","q136","q136","q136","q136","q136","q136","q136","q136","q136","q136","q136","q136","q136","q135","q135","q135","q135","q135","q135","q135","q135","q135","q135","","","","","","","","","","","","","","q189","","","","","","","","","","","","","","","",""
"q187","","","","","","","","","","","","","","","","","","","","","","","","","","","","","","","","","","","","","","","","","","","","","","","","","","","","","","","","","","","","","","","","","","","","","","","","","","","","","","q189","","","","","","","","","","","","","","","",""
"q188","q136","q136","q136","q136","q136","q136","q136","q136","q136","q136","q136","q136","q136","q136","q136","q136","q136","q136","q136","q136","q136","q136","q136","q136","q136","q136","q136","q136","q136","q136","q136","q136","q136","q136","q136","q136","q136","q136","q136","q136","q136","q136","q136","q136","q136","q136","q136","q136","q136","q136","q136","q136","q136","q136","q135","q135","q135","q135","q135","q135","q135","q135","q135","q135","","","","","","","","","","","","","","","","","","","","","","","","","","","","","",""
"q189","q136","q136","q136","q136","q136","q136","q136","q136","q136","q136","q136","q136","q136","q136","q136","q136","q136","q136","q136","q136","q136","q136","q136","q136","q136","q136","q136","q136","q136","q136","q136","q136","q136","q136","q136","q136","q136","q136","q136","q136","q136","q136","q136","q136","q136","q136","q136","q136","q136","q136","q136","q136","q136","q136","q135","q135","q135","q135","q135","q135","q135","q135","q135","q135","","","","","","","","","","","","","","","","","","","","","","","","","","","","","",""
"q190","q149","q149","q149","q149","q149","q149","q149","q149","q149","q149","q149","q149","q149","q149","q149","q149","q149","q149","q149","q149","q149","q149","q149","q149","q149","q149","q149","q149","q149","q149","q149","q149","q149","q149","q149","q149","q149","q149","q149","q149","q149","q149","q149","q149","q149","q149","q149","q149","q149","q149","q149","q149","q149","q149","q150","q150","q150","q150","q150","q150","q150","q150","q150","q150","","","","","","","","","","","","","","q191","q148","","","","","","","","","","","","","","",""
"q191","q149","q149","q149","q149","q149","q149","q149","q149","q149","q149","q149","q149","q149","q149","q149","q149","q149","q149","q149","q149","q149","q149","q149","q149","q149","q149","q149","q149","q149","q149","q149","q149","q149","q149","q149","q149","q149","q149","q149","q149","q149","q149","q149","q149","q149","q149","q149","q149","q149","q149","q149","q149","q149","q149","q150","q150","q150","q150","q150","q150","q150","q150","q150","q150","","","","","","","","","","","","","","","","","","","","","","","","","","","","","",""
"q192","q149","q149","q149","q149","q149","q149","q149","q149","q149","q149","q149","q149","q149","q149","q149","q149","q149","q149","q149","q149","q149","q149","q149","q149","q149","q149","q149","q149","q149","q149","q149","q149","q149","q149","q149","q149","q149","q149","q149","q149","q149","q149","q149","q149","q149","q149","q149","q149","q149","q149","q149","q149","q149","q149","q150","q150","q150","q150","q150","q150","q150","q150","q150","q150","","","","","","","","","","","","","","q191","","","","","","","","","","","","","","","",""
"q193","","","","","","","","","","","","","","","","","","","","","","","","","","","","","","","","","","","","","","","","","","","","","","","","","","","","","","","","","","","","","","","","","","","","","","","","","","","","","","q193","","","","","","","","","","","","","","","",""
"q194","","","","","","","","","","","","","","","","","","","","","","","","","","","","","","","","","","","","","","","","","","","","","","","","","","","","","","","","","","","","","","","","","","","","","","","","","","","","","","","","","","","","","","","","","","","","","",""
